Id,Sector
6781,academia
6782,academia
6783,academia
6784,academia
6785,academia
6786,academia
6787,academia
6788,academia
6789,academia
6790,academia
6791,academia
6792,academia
6793,academia
6794,academia
6795,academia
6796,academia
6797,academia
6798,academia
6799,academia
6800,academia
6801,academia
6802,academia
6803,academia
6804,academia
6805,academia
6806,academia
6807,academia
6808,academia
6809,academia
6810,academia
6811,academia
6812,academia
6813,academia
6814,academia
6815,academia
6816,academia
6817,academia
6818,academia
6819,academia
6820,academia
6821,academia
6822,academia
6823,academia
6824,academia
6825,academia
6826,academia
6827,academia
6828,academia
6829,academia
6830,academia
6831,academia
6832,academia
6833,academia
6834,academia
6835,academia
6836,academia
6837,academia
6838,academia
6839,academia
6840,academia
6841,academia
6842,academia
6843,academia
6844,academia
6845,academia
6846,academia
6847,academia
6848,industry
6849,industry
6850,industry
6851,industry
6852,industry
6853,industry
6854,industry
6855,industry
6856,industry
6857,academia
6858,industry
6859,industry
6860,industry
6861,industry
6862,industry
6863,industry
6864,industry
6865,industry
6866,industry
6867,academia
6868,academia
6869,industry
6870,industry
6871,industry
6872,industry
6873,industry
6874,academia
6875,academia
6876,academia
6877,industry
6878,industry
6879,industry
6880,industry
6881,industry
6882,industry
6883,academia
6884,industry
6885,industry
6886,industry
6887,industry
6888,industry
6889,industry
6890,industry
6891,industry
6892,industry
6893,industry
6894,industry
6895,industry
6896,industry
6897,industry
6898,industry
6899,industry
6900,academia
6901,industry
6902,academia
6903,industry
6904,industry
6905,academia
6906,industry
6907,industry
6908,industry
6909,industry
6910,industry
6911,industry
6912,industry
6913,industry
6914,industry
6915,industry
6916,industry
6917,industry
6918,industry
6919,industry
6920,industry
6921,industry
6922,industry
6923,industry
6924,industry
6925,industry
6926,industry
6927,industry
6928,industry
6929,industry
6930,industry
6931,academia
6932,academia
6933,industry
6934,industry
6935,academia
6936,industry
6937,industry
6938,industry
6939,industry
6940,industry
6941,academia
6942,industry
6943,industry
6944,industry
6945,academia
6946,academia
6947,industry
6948,industry
6949,industry
6950,industry
6951,industry
6952,industry
6953,industry
6954,academia
6955,industry
6956,industry
6957,industry
6958,industry
6959,academia
6960,industry
6961,industry
6962,industry
6963,industry
6964,industry
6965,industry
6966,industry
6967,industry
6968,industry
6969,industry
6970,industry
6971,industry
6972,industry
6973,academia
6974,industry
6975,industry
6976,industry
6977,industry
6978,industry
6979,industry
6980,industry
6981,industry
6982,industry
6983,industry
6984,industry
6985,industry
6986,academia
6987,industry
6988,industry
6989,academia
6990,academia
6991,academia
6992,industry
6993,industry
6994,industry
6995,industry
6996,industry
6997,industry
6998,academia
6999,academia
7000,industry
7001,industry
7002,industry
7003,industry
7004,academia
7005,industry
7006,industry
7007,industry
7008,industry
7009,industry
7010,academia
7011,academia
7012,industry
7013,academia
7014,industry
7015,industry
7016,industry
7017,academia
7018,industry
7019,industry
7020,industry
7021,industry
7022,industry
7023,industry
7024,industry
7025,academia
7026,industry
7027,government
7028,academia
7029,industry
7030,industry
7031,industry
7032,industry
7033,industry
7034,industry
7035,government
7036,industry
7037,industry
7038,industry
7039,industry
7040,industry
7041,industry
7042,industry
7043,industry
7044,industry
7045,industry
7046,industry
7047,industry
7048,industry
7049,industry
7050,industry
7051,industry
7052,industry
7053,industry
7054,industry
7055,government
7056,academia
7057,industry
7058,industry
7059,industry
7060,industry
7061,industry
7062,industry
7063,industry
7064,industry
7065,academia
7066,industry
7067,industry
7068,government
7069,industry
7070,government
7071,government
7072,academia
7073,industry
7074,industry
7075,industry
7076,industry
7077,industry
7078,industry
7079,industry
7080,industry
7081,academia
7082,industry
7083,industry
7084,industry
7085,industry
7086,industry
7087,industry
7088,academia
7089,academia
7090,industry
7091,academia
7092,government
7093,academia
7094,industry
7095,industry
7096,industry
7097,industry
7098,academia
7099,industry
7100,government
7101,academia
7102,government
7103,academia
7104,academia
7105,academia
7106,industry
7107,industry
7108,industry
7109,industry
7110,industry
7111,industry
7112,industry
7113,industry
7114,industry
7115,academia
7116,academia
7117,academia
7118,industry
7119,academia
7120,industry
7121,industry
7122,industry
7123,industry
7124,industry
7125,industry
7126,industry
7127,industry
7128,industry
7129,industry
7130,industry
7131,industry
7132,academia
7133,academia
7134,government
7135,government
7136,academia
7137,industry
7138,industry
7139,industry
7140,industry
7141,industry
7142,academia
7143,industry
7144,industry
7145,industry
7146,industry
7147,industry
7148,industry
7149,industry
7150,academia
7151,industry
7152,industry
7153,industry
7154,industry
7155,industry
7156,industry
7157,industry
7158,industry
7159,industry
7160,industry
7161,academia
7162,industry
7163,academia
7164,industry
7165,industry
7166,industry
7167,industry
7168,industry
7169,industry
7170,industry
7171,academia
7172,academia
7173,industry
7174,industry
7175,industry
7176,industry
7177,academia
7178,industry
7179,industry
7180,academia
7181,academia
7182,industry
7183,academia
7184,academia
7185,industry
7186,industry
7187,academia
7188,academia
7189,industry
7190,industry
7191,industry
7192,industry
7193,industry
7194,industry
7195,industry
7196,industry
7197,industry
7198,industry
7199,industry
7200,industry
7201,industry
7202,industry
7203,industry
7204,academia
7205,industry
7206,industry
7207,industry
7208,industry
7209,industry
7210,industry
7211,industry
7212,academia
7213,industry
7214,industry
7215,industry
7216,industry
7217,industry
7218,industry
7219,industry
7220,industry
7221,industry
7222,industry
7223,industry
7224,industry
7225,industry
7226,industry
7227,academia
7228,academia
7229,industry
7230,industry
7231,academia
7232,industry
7233,industry
7234,industry
7235,industry
7236,industry
7237,industry
7238,industry
7239,industry
7240,industry
7241,industry
7242,industry
7243,industry
7244,industry
7245,industry
7246,academia
7247,academia
7248,academia
7249,industry
7250,industry
7251,industry
7252,industry
7253,industry
7254,academia
7255,government
7256,government
7257,industry
7258,industry
7259,industry
7260,academia
7261,academia
7262,industry
7263,academia
7264,academia
7265,academia
7266,government
7267,industry
7268,industry
7269,industry
7270,academia
7271,industry
7272,industry
7273,industry
7274,academia
7275,industry
7276,industry
7277,industry
7278,academia
7279,government
7280,industry
7281,industry
7282,industry
7283,academia
7284,industry
7285,industry
7286,industry
7287,industry
7288,industry
7289,industry
7290,industry
7291,industry
7292,industry
7293,industry
7294,industry
7295,industry
7296,industry
7297,academia
7298,industry
7299,industry
7300,industry
7301,industry
7302,industry
7303,industry
7304,industry
7305,industry
7306,industry
7307,industry
7308,industry
7309,industry
7310,academia
7311,academia
7312,academia
7313,industry
7314,industry
7315,industry
7316,industry
7317,industry
7318,industry
7319,industry
7320,industry
7321,industry
7322,industry
7323,academia
7324,industry
7325,industry
7326,academia
7327,academia
7328,industry
7329,academia
7330,academia
7331,industry
7332,industry
7333,industry
7334,academia
7335,industry
7336,academia
7337,academia
7338,industry
7339,academia
7340,academia
7341,industry
7342,academia
7343,industry
7344,industry
7345,industry
7346,industry
7347,industry
7348,industry
7349,industry
7350,industry
7351,academia
7352,academia
7353,academia
7354,academia
7355,industry
7356,industry
7357,industry
7358,industry
7359,industry
7360,academia
7361,government
7362,industry
7363,industry
7364,academia
7365,academia
7366,industry
7367,government
7368,academia
7369,industry
7370,industry
7371,government
7372,industry
7373,industry
7374,industry
7375,industry
7376,academia
7377,academia
7378,industry
7379,academia
7380,industry
7381,industry
7382,industry
7383,industry
7384,government
7385,industry
7386,industry
7387,industry
7388,academia
7389,academia
7390,academia
7391,industry
7392,industry
7393,industry
7394,academia
7395,government
7396,academia
7397,industry
7398,industry
7399,industry
7400,industry
7401,industry
7402,industry
7403,academia
7404,industry
7405,academia
7406,industry
7407,industry
7408,industry
7409,industry
7410,industry
7411,industry
7412,industry
7413,industry
7414,industry
7415,industry
7416,industry
7417,academia
7418,academia
7419,academia
7420,industry
7421,industry
7422,industry
7423,industry
7424,industry
7425,industry
7426,industry
7427,industry
7428,industry
7429,industry
7430,academia
7431,industry
7432,industry
7433,industry
7434,industry
7435,industry
7436,government
7437,industry
7438,industry
7439,academia
7440,industry
7441,industry
7442,academia
7443,academia
7444,academia
7445,industry
7446,industry
7447,industry
7448,industry
7449,industry
7450,industry
7451,industry
7452,industry
7453,industry
7454,industry
7455,industry
7456,academia
7457,academia
7458,industry
7459,industry
7460,academia
7461,industry
7462,industry
7463,academia
7464,industry
7465,industry
7466,industry
7467,industry
7468,industry
7469,industry
7470,industry
7471,academia
7472,industry
7473,industry
7474,industry
7475,industry
7476,academia
7477,industry
7478,government
7479,academia
7480,academia
7481,industry
7482,industry
7483,industry
7484,academia
7485,industry
7486,academia
7487,academia
7488,academia
7489,industry
7490,industry
7491,industry
7492,industry
7493,academia
7494,academia
7495,government
7496,industry
7497,industry
7498,industry
7499,industry
7500,industry
7501,industry
7502,industry
7503,industry
7504,industry
7505,industry
7506,industry
7507,industry
7508,industry
7509,industry
7510,industry
7511,industry
7512,industry
7513,academia
7514,academia
7515,industry
7516,industry
7517,industry
7518,industry
7519,industry
7520,industry
7521,industry
7522,industry
7523,industry
7524,industry
7525,industry
7526,industry
7527,industry
7528,government
7529,industry
7530,industry
7531,industry
7532,academia
7533,industry
7534,industry
7535,industry
7536,industry
7537,industry
7538,industry
7539,industry
7540,academia
7541,industry
7542,industry
7543,industry
7544,industry
7545,government
7546,industry
7547,industry
7548,industry
7549,industry
7550,academia
7551,industry
7552,industry
7553,industry
7554,industry
7555,industry
7556,industry
7557,industry
7558,industry
7559,academia
7560,industry
7561,academia
7562,industry
7563,industry
7564,academia
7565,academia
7566,industry
7567,industry
7568,academia
7569,industry
7570,industry
7571,industry
7572,industry
7573,industry
7574,industry
7575,industry
7576,industry
7577,academia
7578,industry
7579,industry
7580,academia
7581,industry
7582,industry
7583,academia
7584,academia
7585,academia
7586,industry
7587,industry
7588,industry
7589,industry
7590,industry
7591,industry
7592,industry
7593,industry
7594,industry
7595,industry
7596,industry
7597,industry
7598,industry
7599,industry
7600,industry
7601,industry
7602,industry
7603,industry
7604,industry
7605,industry
7606,industry
7607,industry
7608,industry
7609,industry
7610,industry
7611,industry
7612,industry
7613,industry
7614,industry
7615,industry
7616,industry
7617,academia
7618,industry
7619,industry
7620,industry
7621,industry
7622,industry
7623,industry
7624,industry
7625,industry
7626,industry
7627,industry
7628,industry
7629,industry
7630,industry
7631,industry
7632,industry
7633,industry
7634,industry
7635,academia
7636,academia
7637,academia
7638,industry
7639,industry
7640,industry
7641,industry
7642,industry
7643,academia
7644,industry
7645,industry
7646,government
7647,industry
7648,academia
7649,industry
7650,industry
7651,industry
7652,industry
7653,industry
7654,industry
7655,industry
7656,industry
7657,industry
7658,industry
7659,industry
7660,academia
7661,government
7662,industry
7663,industry
7664,industry
7665,academia
7666,industry
7667,industry
7668,industry
7669,academia
7670,industry
7671,industry
7672,government
7673,industry
7674,industry
7675,academia
7676,academia
7677,academia
7678,academia
7679,industry
7680,government
7681,industry
7682,industry
7683,industry
7684,industry
7685,industry
7686,industry
7687,industry
7688,government
7689,industry
7690,industry
7691,industry
7692,academia
7693,industry
7694,industry
7695,academia
7696,industry
7697,industry
7698,academia
7699,industry
7700,industry
7701,industry
7702,academia
7703,academia
7704,industry
7705,industry
7706,industry
7707,industry
7708,industry
7709,academia
7710,industry
7711,industry
7712,industry
7713,industry
7714,academia
7715,industry
7716,industry
7717,industry
7718,industry
7719,industry
7720,industry
7721,industry
7722,industry
7723,industry
7724,academia
7725,industry
7726,industry
7727,industry
7728,industry
7729,industry
7730,industry
7731,industry
7732,industry
7733,industry
7734,industry
7735,industry
7736,academia
7737,industry
7738,industry
7739,industry
7740,industry
7741,academia
7742,industry
7743,academia
7744,industry
7745,industry
7746,industry
7747,academia
7748,industry
7749,industry
7750,government
7751,industry
7752,industry
7753,industry
7754,industry
7755,industry
7756,industry
7757,industry
7758,industry
7759,government
7760,industry
7761,industry
7762,academia
7763,industry
7764,industry
7765,academia
7766,industry
7767,industry
7768,industry
7769,industry
7770,industry
7771,industry
7772,industry
7773,industry
7774,industry
7775,industry
7776,industry
7777,industry
7778,industry
7779,industry
7780,industry
7781,industry
7782,industry
7783,academia
7784,industry
7785,industry
7786,industry
7787,industry
7788,industry
7789,industry
7790,industry
7791,industry
7792,industry
7793,industry
7794,industry
7795,industry
7796,industry
7797,academia
7798,industry
7799,industry
7800,industry
7801,industry
7802,industry
7803,industry
7804,industry
7805,academia
7806,industry
7807,industry
7808,industry
7809,academia
7810,academia
7811,industry
7812,academia
7813,industry
7814,industry
7815,academia
7816,academia
7817,government
7818,industry
7819,industry
7820,industry
7821,industry
7822,academia
7823,industry
7824,industry
7825,industry
7826,industry
7827,academia
7828,industry
7829,industry
7830,industry
7831,industry
7832,industry
7833,industry
7834,industry
7835,academia
7836,industry
7837,industry
7838,industry
7839,academia
7840,industry
7841,academia
7842,industry
7843,industry
7844,industry
7845,industry
7846,industry
7847,industry
7848,industry
7849,industry
7850,industry
7851,industry
7852,academia
7853,academia
7854,academia
7855,industry
7856,academia
7857,industry
7858,industry
7859,industry
7860,industry
7861,industry
7862,industry
7863,industry
7864,academia
7865,industry
7866,industry
7867,industry
7868,industry
7869,industry
7870,academia
7871,academia
7872,industry
7873,industry
7874,academia
7875,industry
7876,industry
7877,industry
7878,industry
7879,industry
7880,industry
7881,industry
7882,industry
7883,industry
7884,industry
7885,industry
7886,industry
7887,industry
7888,industry
7889,industry
7890,industry
7891,industry
7892,industry
7893,industry
7894,academia
7895,industry
7896,industry
7897,industry
7898,academia
7899,industry
7900,industry
7901,industry
7902,industry
7903,industry
7904,industry
7905,industry
7906,industry
7907,industry
7908,academia
7909,industry
7910,industry
7911,industry
7912,industry
7913,industry
7914,industry
7915,industry
7916,industry
7917,industry
7918,industry
7919,industry
7920,industry
7921,government
7922,industry
7923,industry
7924,industry
7925,industry
7926,industry
7927,industry
7928,industry
7929,industry
7930,industry
7931,industry
7932,industry
7933,industry
7934,industry
7935,industry
7936,industry
7937,industry
7938,industry
7939,industry
7940,academia
7941,industry
7942,industry
7943,industry
7944,industry
7945,industry
7946,industry
7947,industry
7948,industry
7949,academia
7950,industry
7951,industry
7952,industry
7953,government
7954,industry
7955,industry
7956,academia
7957,industry
7958,industry
7959,academia
7960,industry
7961,industry
7962,industry
7963,industry
7964,industry
7965,industry
7966,industry
7967,industry
7968,industry
7969,industry
7970,industry
7971,industry
7972,industry
7973,industry
7974,industry
7975,industry
7976,industry
7977,industry
7978,industry
7979,academia
7980,academia
7981,industry
7982,industry
7983,industry
7984,industry
7985,academia
7986,industry
7987,academia
7988,industry
7989,industry
7990,industry
7991,academia
7992,academia
7993,industry
7994,industry
7995,industry
7996,industry
7997,industry
7998,industry
7999,industry
8000,industry
8001,industry
8002,academia
8003,industry
8004,industry
8005,academia
8006,government
8007,industry
8008,industry
8009,industry
8010,industry
8011,industry
8012,industry
8013,industry
8014,industry
8015,industry
8016,academia
8017,academia
8018,government
8019,industry
8020,industry
8021,industry
8022,academia
8023,academia
8024,academia
8025,academia
8026,industry
8027,industry
8028,industry
8029,industry
8030,industry
8031,industry
8032,industry
8033,industry
8034,industry
8035,academia
8036,industry
8037,industry
8038,academia
8039,academia
8040,academia
8041,academia
8042,industry
8043,industry
8044,industry
8045,industry
8046,industry
8047,industry
8048,industry
8049,academia
8050,academia
8051,industry
8052,academia
8053,industry
8054,industry
8055,academia
8056,industry
8057,industry
8058,industry
8059,industry
8060,industry
8061,industry
8062,industry
8063,industry
8064,industry
8065,academia
8066,government
8067,academia
8068,industry
8069,industry
8070,industry
8071,industry
8072,industry
8073,industry
8074,industry
8075,industry
8076,industry
8077,government
8078,industry
8079,industry
8080,industry
8081,industry
8082,industry
8083,industry
8084,academia
8085,government
8086,industry
8087,industry
8088,industry
8089,industry
8090,academia
8091,industry
8092,industry
8093,industry
8094,industry
8095,industry
8096,industry
8097,industry
8098,industry
8099,industry
8100,academia
8101,industry
8102,academia
8103,industry
8104,industry
8105,industry
8106,industry
8107,industry
8108,industry
8109,industry
8110,industry
8111,academia
8112,academia
8113,academia
8114,government
8115,academia
8116,industry
8117,industry
8118,industry
8119,government
8120,industry
8121,industry
8122,government
8123,government
8124,industry
8125,industry
8126,industry
8127,industry
8128,industry
8129,industry
8130,industry
8131,industry
8132,industry
8133,industry
8134,industry
8135,industry
8136,academia
8137,industry
8138,industry
8139,industry
8140,academia
8141,academia
8142,industry
8143,industry
8144,industry
8145,industry
8146,industry
8147,industry
8148,industry
8149,industry
8150,industry
8151,industry
8152,industry
8153,industry
8154,industry
8155,industry
8156,industry
8157,industry
8158,industry
8159,industry
8160,industry
8161,industry
8162,industry
8163,industry
8164,industry
8165,industry
8166,industry
8167,industry
8168,industry
8169,industry
8170,industry
8171,industry
8172,industry
8173,industry
8174,industry
8175,industry
8176,industry
8177,industry
8178,industry
8179,industry
8180,industry
8181,industry
8182,industry
8183,industry
8184,industry
8185,industry
8186,industry
8187,academia
8188,industry
8189,industry
8190,industry
8191,academia
8192,industry
8193,government
8194,industry
8195,industry
8196,industry
8197,government
8198,industry
8199,industry
8200,industry
8201,industry
8202,industry
8203,industry
8204,industry
8205,industry
8206,academia
8207,industry
8208,industry
8209,industry
8210,academia
8211,industry
8212,industry
8213,industry
8214,industry
8215,industry
8216,industry
8217,industry
8218,academia
8219,industry
8220,industry
8221,industry
8222,industry
8223,industry
8224,industry
8225,industry
8226,academia
8227,industry
8228,industry
8229,academia
8230,industry
8231,industry
8232,industry
8233,industry
8234,industry
8235,industry
8236,industry
8237,industry
8238,industry
8239,industry
8240,industry
8241,industry
8242,academia
8243,academia
8244,industry
8245,industry
8246,industry
8247,industry
8248,industry
8249,industry
8250,industry
8251,academia
8252,industry
8253,industry
8254,industry
8255,industry
8256,industry
8257,industry
8258,industry
8259,industry
8260,industry
8261,industry
8262,industry
8263,industry
8264,academia
8265,industry
8266,industry
8267,industry
8268,industry
8269,industry
8270,industry
8271,academia
8272,academia
8273,academia
8274,industry
8275,industry
8276,industry
8277,industry
8278,industry
8279,industry
8280,industry
8281,industry
8282,industry
8283,industry
8284,industry
8285,industry
8286,industry
8287,industry
8288,industry
8289,industry
8290,industry
8291,industry
8292,government
8293,industry
8294,government
8295,government
8296,industry
8297,industry
8298,industry
8299,industry
8300,academia
8301,academia
8302,industry
8303,industry
8304,industry
8305,government
8306,academia
8307,industry
8308,academia
8309,industry
8310,industry
8311,industry
8312,industry
8313,academia
8314,industry
8315,industry
8316,industry
8317,academia
8318,industry
8319,industry
8320,industry
8321,industry
8322,industry
8323,industry
8324,industry
8325,industry
8326,industry
8327,industry
8328,industry
8329,government
8330,academia
8331,industry
8332,academia
8333,industry
8334,industry
8335,industry
8336,industry
8337,industry
8338,industry
8339,industry
8340,industry
8341,industry
8342,academia
8343,industry
8344,industry
8345,industry
8346,academia
8347,industry
8348,industry
8349,industry
8350,industry
8351,industry
8352,industry
8353,industry
8354,academia
8355,industry
8356,industry
8357,industry
8358,industry
8359,industry
8360,industry
8361,industry
8362,industry
8363,industry
8364,industry
8365,industry
8366,academia
8367,industry
8368,industry
8369,industry
8370,industry
8371,industry
8372,academia
8373,academia
8374,industry
8375,industry
8376,industry
8377,industry
8378,industry
8379,government
8380,industry
8381,industry
8382,industry
8383,industry
8384,industry
8385,industry
8386,industry
8387,academia
8388,academia
8389,industry
8390,academia
8391,academia
8392,industry
8393,industry
8394,industry
8395,academia
8396,industry
8397,academia
8398,industry
8399,industry
8400,industry
8401,industry
8402,industry
8403,industry
8404,industry
8405,academia
8406,industry
8407,industry
8408,industry
8409,industry
8410,industry
8411,industry
8412,academia
8413,academia
8414,industry
8415,industry
8416,industry
8417,industry
8418,industry
8419,industry
8420,academia
8421,academia
8422,academia
8423,industry
8424,industry
8425,industry
8426,industry
8427,industry
8428,industry
8429,industry
8430,industry
8431,industry
8432,industry
8433,industry
8434,industry
8435,industry
8436,academia
8437,academia
8438,industry
8439,industry
8440,industry
8441,industry
8442,industry
8443,industry
8444,industry
8445,industry
8446,academia
8447,academia
8448,industry
8449,industry
8450,industry
8451,industry
8452,industry
8453,industry
8454,industry
8455,industry
8456,industry
8457,industry
8458,industry
8459,industry
8460,industry
8461,industry
8462,industry
8463,industry
8464,industry
8465,industry
8466,industry
8467,industry
8468,industry
8469,industry
8470,industry
8471,industry
8472,industry
8473,academia
8474,industry
8475,academia
8476,industry
8477,industry
8478,industry
8479,industry
8480,industry
8481,industry
8482,industry
8483,industry
8484,academia
8485,industry
8486,industry
8487,industry
8488,industry
8489,academia
8490,industry
8491,industry
8492,industry
8493,industry
8494,industry
8495,industry
8496,industry
8497,industry
8498,industry
8499,industry
8500,industry
8501,industry
8502,industry
8503,industry
8504,industry
8505,industry
8506,industry
8507,industry
8508,industry
8509,industry
8510,industry
8511,industry
8512,industry
8513,industry
8514,industry
8515,industry
8516,academia
8517,industry
8518,industry
8519,industry
8520,industry
8521,industry
8522,industry
8523,industry
8524,industry
8525,industry
8526,industry
8527,industry
8528,industry
8529,industry
8530,industry
8531,industry
8532,industry
8533,industry
8534,industry
8535,industry
8536,industry
8537,industry
8538,industry
8539,industry
8540,industry
8541,industry
8542,industry
8543,industry
8544,industry
8545,government
8546,academia
8547,academia
8548,academia
8549,industry
8550,industry
8551,academia
8552,academia
8553,academia
8554,industry
8555,academia
8556,academia
8557,academia
8558,industry
8559,industry
8560,industry
8561,industry
8562,industry
8563,industry
8564,industry
8565,industry
8566,industry
8567,industry
8568,industry
8569,industry
8570,academia
8571,academia
8572,industry
8573,industry
8574,industry
8575,industry
8576,industry
8577,industry
8578,industry
8579,academia
8580,industry
8581,industry
8582,industry
8583,industry
8584,industry
8585,academia
8586,academia
8587,industry
8588,industry
8589,industry
8590,industry
8591,industry
8592,industry
8593,industry
8594,academia
8595,industry
8596,industry
8597,industry
8598,industry
8599,industry
8600,industry
8601,academia
8602,industry
8603,industry
8604,industry
8605,industry
8606,academia
8607,academia
8608,industry
8609,industry
8610,academia
8611,industry
8612,industry
8613,industry
8614,industry
8615,industry
8616,industry
8617,industry
8618,industry
8619,industry
8620,industry
8621,industry
8622,industry
8623,industry
8624,industry
8625,industry
8626,industry
8627,industry
8628,academia
8629,industry
8630,industry
8631,academia
8632,industry
8633,academia
8634,academia
8635,industry
8636,industry
8637,industry
8638,industry
8639,industry
8640,government
8641,industry
8642,industry
8643,industry
8644,industry
8645,industry
8646,industry
8647,industry
8648,industry
8649,academia
8650,academia
8651,government
8652,industry
8653,industry
8654,industry
8655,industry
8656,industry
8657,industry
8658,industry
8659,industry
8660,industry
8661,industry
8662,industry
8663,industry
8664,industry
8665,industry
8666,academia
8667,academia
8668,industry
8669,industry
8670,industry
8671,industry
8672,industry
8673,government
8674,industry
8675,academia
8676,academia
8677,industry
8678,industry
8679,industry
8680,industry
8681,industry
8682,industry
8683,industry
8684,industry
8685,industry
8686,industry
8687,industry
8688,industry
8689,industry
8690,industry
8691,industry
8692,industry
8693,industry
8694,academia
8695,industry
8696,government
8697,industry
8698,government
8699,government
8700,industry
8701,industry
8702,industry
8703,industry
8704,industry
8705,industry
8706,industry
8707,industry
8708,industry
8709,industry
8710,industry
8711,industry
8712,industry
8713,industry
8714,industry
8715,industry
8716,industry
8717,industry
8718,government
8719,industry
8720,industry
8721,industry
8722,industry
8723,industry
8724,industry
8725,academia
8726,industry
8727,industry
8728,industry
8729,academia
8730,industry
8731,industry
8732,industry
8733,industry
8734,industry
8735,industry
8736,industry
8737,industry
8738,industry
8739,industry
8740,industry
8741,academia
8742,industry
8743,industry
8744,industry
8745,industry
8746,industry
8747,industry
8748,industry
8749,industry
8750,industry
8751,industry
8752,industry
8753,government
8754,academia
8755,industry
8756,industry
8757,industry
8758,industry
8759,industry
8760,industry
8761,industry
8762,industry
8763,industry
8764,industry
8765,industry
8766,academia
8767,industry
8768,academia
8769,industry
8770,industry
8771,government
8772,industry
8773,academia
8774,academia
8775,academia
8776,industry
8777,industry
8778,industry
8779,industry
8780,industry
8781,industry
8782,industry
8783,industry
8784,academia
8785,academia
8786,industry
8787,industry
8788,industry
8789,academia
8790,academia
8791,academia
8792,academia
8793,academia
8794,industry
8795,industry
8796,industry
8797,industry
8798,industry
8799,industry
8800,industry
8801,industry
8802,industry
8803,industry
8804,industry
8805,industry
8806,industry
8807,industry
8808,industry
8809,industry
8810,industry
8811,industry
8812,industry
8813,industry
8814,industry
8815,industry
8816,industry
8817,industry
8818,industry
8819,industry
8820,industry
8821,industry
8822,industry
8823,industry
8824,industry
8825,industry
8826,academia
8827,industry
8828,industry
8829,industry
8830,industry
8831,industry
8832,industry
8833,industry
8834,industry
8835,industry
8836,industry
8837,industry
8838,industry
8839,industry
8840,industry
8841,industry
8842,industry
8843,industry
8844,industry
8845,industry
8846,industry
8847,government
8848,industry
8849,industry
8850,academia
8851,academia
8852,industry
8853,government
8854,industry
8855,academia
8856,industry
8857,academia
8858,academia
8859,academia
8860,industry
8861,industry
8862,industry
8863,industry
8864,industry
8865,industry
8866,industry
8867,industry
8868,industry
8869,industry
8870,industry
8871,industry
8872,industry
8873,industry
8874,academia
8875,industry
8876,industry
8877,industry
8878,industry
8879,industry
8880,industry
8881,industry
8882,academia
8883,academia
8884,industry
8885,industry
8886,industry
8887,industry
8888,industry
8889,industry
8890,industry
8891,industry
8892,industry
8893,industry
8894,industry
8895,industry
8896,industry
8897,industry
8898,industry
8899,industry
8900,academia
8901,industry
8902,industry
8903,industry
8904,industry
8905,industry
8906,industry
8907,academia
8908,academia
8909,government
8910,industry
8911,industry
8912,industry
8913,industry
8914,industry
8915,industry
8916,industry
8917,industry
8918,industry
8919,industry
8920,industry
8921,industry
8922,industry
8923,industry
8924,industry
8925,industry
8926,industry
8927,academia
8928,industry
8929,industry
8930,industry
8931,industry
8932,industry
8933,industry
8934,industry
8935,industry
8936,industry
8937,industry
8938,industry
8939,industry
8940,industry
8941,industry
8942,industry
8943,industry
8944,industry
8945,industry
8946,industry
8947,industry
8948,industry
8949,industry
8950,industry
8951,industry
8952,academia
8953,industry
8954,academia
8955,industry
8956,industry
8957,industry
8958,industry
8959,industry
8960,industry
8961,industry
8962,industry
8963,industry
8964,industry
8965,industry
8966,industry
8967,industry
8968,industry
8969,industry
8970,industry
8971,industry
8972,industry
8973,industry
8974,industry
8975,industry
8976,academia
8977,industry
8978,industry
8979,industry
8980,industry
8981,industry
8982,industry
8983,industry
8984,industry
8985,industry
8986,academia
8987,industry
8988,academia
8989,government
8990,academia
8991,industry
8992,academia
8993,industry
8994,industry
8995,industry
8996,industry
8997,industry
8998,industry
8999,industry
9000,industry
9001,industry
9002,industry
9003,industry
9004,industry
9005,industry
9006,industry
9007,industry
9008,industry
9009,industry
9010,industry
9011,industry
9012,academia
9013,industry
9014,academia
9015,industry
9016,industry
9017,industry
9018,industry
9019,industry
9020,industry
9021,industry
9022,industry
9023,industry
9024,industry
9025,industry
9026,industry
9027,industry
9028,industry
9029,industry
9030,industry
9031,industry
9032,industry
9033,industry
9034,industry
9035,industry
9036,industry
9037,industry
9038,industry
9039,industry
9040,industry
9041,industry
9042,industry
9043,industry
9044,industry
9045,industry
9046,industry
9047,industry
9048,industry
9049,industry
9050,industry
9051,industry
9052,industry
9053,industry
9054,academia
9055,industry
9056,industry
9057,industry
9058,academia
9059,industry
9060,industry
9061,industry
9062,government
9063,academia
9064,industry
9065,industry
9066,industry
9067,academia
9068,industry
9069,industry
9070,industry
9071,industry
9072,industry
9073,industry
9074,industry
9075,industry
9076,industry
9077,industry
9078,academia
9079,industry
9080,industry
9081,industry
9082,academia
9083,industry
9084,industry
9085,industry
9086,industry
9087,industry
9088,industry
9089,industry
9090,industry
9091,industry
9092,industry
9093,industry
9094,industry
9095,industry
9096,academia
9097,industry
9098,industry
9099,industry
9100,industry
9101,industry
9102,industry
9103,industry
9104,industry
9105,industry
9106,academia
9107,government
9108,industry
9109,industry
9110,industry
9111,industry
9112,industry
9113,industry
9114,academia
9115,industry
9116,industry
9117,industry
9118,industry
9119,industry
9120,industry
9121,industry
9122,industry
9123,industry
9124,industry
9125,industry
9126,industry
9127,industry
9128,industry
9129,industry
9130,industry
9131,industry
9132,industry
9133,industry
9134,industry
9135,industry
9136,academia
9137,industry
9138,industry
9139,industry
9140,industry
9141,industry
9142,industry
9143,academia
9144,industry
9145,industry
9146,industry
9147,industry
9148,industry
9149,academia
9150,industry
9151,industry
9152,industry
9153,industry
9154,industry
9155,industry
9156,industry
9157,industry
9158,industry
9159,industry
9160,industry
9161,industry
9162,industry
9163,industry
9164,government
9165,industry
9166,industry
9167,industry
9168,academia
9169,industry
9170,academia
9171,industry
9172,industry
9173,industry
9174,industry
9175,industry
9176,industry
9177,industry
9178,industry
9179,industry
9180,industry
9181,industry
9182,industry
9183,academia
9184,academia
9185,industry
9186,industry
9187,industry
9188,industry
9189,industry
9190,industry
9191,industry
9192,industry
9193,industry
9194,industry
9195,industry
9196,industry
9197,industry
9198,industry
9199,industry
9200,industry
9201,academia
9202,industry
9203,academia
9204,academia
9205,government
9206,industry
9207,industry
9208,industry
9209,industry
9210,industry
9211,industry
9212,industry
9213,industry
9214,industry
9215,industry
9216,industry
9217,industry
9218,industry
9219,industry
9220,academia
9221,industry
9222,academia
9223,academia
9224,industry
9225,industry
9226,industry
9227,industry
9228,industry
9229,industry
9230,industry
9231,industry
9232,industry
9233,industry
9234,academia
9235,industry
9236,industry
9237,industry
9238,industry
9239,academia
9240,industry
9241,industry
9242,industry
9243,industry
9244,academia
9245,industry
9246,industry
9247,industry
9248,industry
9249,industry
9250,industry
9251,industry
9252,industry
9253,industry
9254,industry
9255,industry
9256,industry
9257,industry
9258,industry
9259,industry
9260,industry
9261,industry
9262,industry
9263,industry
9264,industry
9265,industry
9266,industry
9267,industry
9268,industry
9269,industry
9270,academia
9271,industry
9272,academia
9273,industry
9274,industry
9275,industry
9276,industry
9277,industry
9278,industry
9279,industry
9280,industry
9281,industry
9282,industry
9283,industry
9284,industry
9285,industry
9286,industry
9287,industry
9288,industry
9289,academia
9290,industry
9291,industry
9292,academia
9293,industry
9294,industry
9295,industry
9296,academia
9297,industry
9298,industry
9299,academia
9300,academia
9301,industry
9302,industry
9303,industry
9304,industry
9305,industry
9306,academia
9307,academia
9308,industry
9309,academia
9310,industry
9311,government
9312,industry
9313,industry
9314,industry
9315,industry
9316,industry
9317,industry
9318,industry
9319,industry
9320,industry
9321,industry
9322,industry
9323,industry
9324,industry
9325,industry
9326,industry
9327,industry
9328,academia
9329,industry
9330,industry
9331,industry
9332,academia
9333,industry
9334,government
9335,industry
9336,industry
9337,industry
9338,academia
9339,industry
9340,industry
9341,industry
9342,industry
9343,industry
9344,industry
9345,industry
9346,industry
9347,academia
9348,industry
9349,industry
9350,industry
9351,industry
9352,industry
9353,government
9354,industry
9355,industry
9356,industry
9357,industry
9358,academia
9359,industry
9360,government
9361,industry
9362,industry
9363,industry
9364,industry
9365,academia
9366,industry
9367,industry
9368,industry
9369,academia
9370,industry
9371,academia
9372,academia
9373,academia
9374,industry
9375,industry
9376,industry
9377,industry
9378,industry
9379,industry
9380,industry
9381,industry
9382,industry
9383,industry
9384,industry
9385,industry
9386,industry
9387,industry
9388,industry
9389,industry
9390,industry
9391,industry
9392,industry
9393,industry
9394,industry
9395,industry
9396,industry
9397,industry
9398,industry
9399,industry
9400,industry
9401,industry
9402,industry
9403,industry
9404,academia
9405,industry
9406,industry
9407,industry
9408,industry
9409,industry
9410,industry
9411,industry
9412,industry
9413,industry
9414,industry
9415,academia
9416,academia
9417,industry
9418,industry
9419,industry
9420,industry
9421,industry
9422,industry
9423,industry
9424,academia
9425,industry
9426,industry
9427,industry
9428,industry
9429,industry
9430,industry
9431,industry
9432,industry
9433,industry
9434,industry
9435,industry
9436,academia
9437,industry
9438,industry
9439,industry
9440,industry
9441,industry
9442,industry
9443,industry
9444,industry
9445,industry
9446,academia
9447,industry
9448,industry
9449,industry
9450,industry
9451,industry
9452,industry
9453,industry
9454,industry
9455,industry
9456,industry
9457,industry
9458,industry
9459,industry
9460,industry
9461,industry
9462,academia
9463,academia
9464,industry
9465,academia
9466,industry
9467,industry
9468,industry
9469,government
9470,industry
9471,industry
9472,industry
9473,industry
9474,industry
9475,industry
9476,industry
9477,industry
9478,industry
9479,industry
9480,industry
9481,industry
9482,industry
9483,industry
9484,academia
9485,industry
9486,industry
9487,academia
9488,academia
9489,industry
9490,academia
9491,industry
9492,industry
9493,industry
9494,industry
9495,industry
9496,industry
9497,industry
9498,industry
9499,industry
9500,industry
9501,industry
9502,industry
9503,industry
9504,industry
9505,industry
9506,industry
9507,industry
9508,academia
9509,industry
9510,industry
9511,industry
9512,industry
9513,industry
9514,industry
9515,industry
9516,industry
9517,industry
9518,industry
9519,industry
9520,industry
9521,industry
9522,industry
9523,industry
9524,industry
9525,industry
9526,industry
9527,industry
9528,industry
9529,industry
9530,academia
9531,industry
9532,industry
9533,industry
9534,industry
9535,industry
9536,industry
9537,industry
9538,academia
9539,industry
9540,industry
9541,industry
9542,industry
9543,academia
9544,academia
9545,industry
9546,academia
9547,industry
9548,industry
9549,industry
9550,industry
9551,industry
9552,industry
9553,industry
9554,industry
9555,industry
9556,industry
9557,industry
9558,industry
9559,industry
9560,industry
9561,industry
9562,industry
9563,industry
9564,industry
9565,industry
9566,industry
9567,industry
9568,academia
9569,academia
9570,industry
9571,industry
9572,industry
9573,academia
9574,industry
9575,industry
9576,industry
9577,industry
9578,industry
9579,industry
9580,industry
9581,academia
9582,industry
9583,industry
9584,industry
9585,industry
9586,industry
9587,academia
9588,academia
9589,industry
9590,industry
9591,industry
9592,industry
9593,industry
9594,industry
9595,industry
9596,industry
9597,industry
9598,industry
9599,industry
9600,industry
9601,industry
9602,industry
9603,industry
9604,industry
9605,industry
9606,industry
9607,industry
9608,industry
9609,industry
9610,industry
9611,industry
9612,industry
9613,academia
9614,industry
9615,academia
9616,industry
9617,academia
9618,industry
9619,academia
9620,industry
9621,industry
9622,industry
9623,industry
9624,industry
9625,academia
9626,industry
9627,industry
9628,industry
9629,industry
9630,industry
9631,academia
9632,government
9633,industry
9634,industry
9635,industry
9636,industry
9637,industry
9638,industry
9639,industry
9640,academia
9641,industry
9642,industry
9643,industry
9644,industry
9645,industry
9646,industry
9647,industry
9648,industry
9649,industry
9650,industry
9651,industry
9652,industry
9653,industry
9654,industry
9655,academia
9656,academia
9657,academia
9658,industry
9659,academia
9660,academia
9661,industry
9662,industry
9663,industry
9664,industry
9665,academia
9666,academia
9667,industry
9668,industry
9669,industry
9670,industry
9671,industry
9672,industry
9673,academia
9674,industry
9675,industry
9676,industry
9677,industry
9678,industry
9679,industry
9680,industry
9681,industry
9682,academia
9683,industry
9684,industry
9685,industry
9686,academia
9687,industry
9688,industry
9689,industry
9690,industry
9691,industry
9692,industry
9693,industry
9694,industry
9695,academia
9696,industry
9697,academia
9698,academia
9699,industry
9700,industry
9701,industry
9702,industry
9703,industry
9704,academia
9705,industry
9706,industry
9707,industry
9708,industry
9709,industry
9710,industry
9711,industry
9712,government
9713,industry
9714,industry
9715,industry
9716,academia
9717,academia
9718,academia
9719,industry
9720,industry
9721,industry
9722,industry
9723,academia
9724,industry
9725,industry
9726,academia
9727,industry
9728,industry
9729,industry
9730,government
9731,industry
9732,industry
9733,academia
9734,industry
9735,industry
9736,industry
9737,industry
9738,industry
9739,industry
9740,academia
9741,academia
9742,industry
9743,academia
9744,industry
9745,industry
9746,industry
9747,industry
9748,industry
9749,academia
9750,industry
9751,academia
9752,industry
9753,industry
9754,industry
9755,industry
9756,industry
9757,industry
9758,government
9759,industry
9760,industry
9761,industry
9762,academia
9763,industry
9764,government
9765,industry
9766,academia
9767,industry
9768,industry
9769,government
9770,industry
9771,industry
9772,industry
9773,industry
9774,industry
9775,industry
9776,academia
9777,industry
9778,industry
9779,industry
9780,industry
9781,industry
9782,industry
9783,industry
9784,industry
9785,industry
9786,industry
9787,industry
9788,academia
9789,industry
9790,industry
9791,industry
9792,industry
9793,industry
9794,industry
9795,academia
9796,industry
9797,industry
9798,industry
9799,industry
9800,industry
9801,academia
9802,academia
9803,industry
9804,industry
9805,industry
9806,industry
9807,industry
9808,industry
9809,industry
9810,academia
9811,industry
9812,industry
9813,academia
9814,government
9815,academia
9816,industry
9817,industry
9818,industry
9819,industry
9820,industry
9821,industry
9822,industry
9823,industry
9824,industry
9825,industry
9826,industry
9827,industry
9828,industry
9829,industry
9830,industry
9831,industry
9832,industry
9833,industry
9834,industry
9835,industry
9836,industry
9837,industry
9838,industry
9839,industry
9840,industry
9841,industry
9842,industry
9843,industry
9844,industry
9845,industry
9846,industry
9847,academia
9848,industry
9849,industry
9850,industry
9851,industry
9852,industry
9853,industry
9854,industry
9855,industry
9856,industry
9857,industry
9858,industry
9859,industry
9860,academia
9861,industry
9862,academia
9863,industry
9864,industry
9865,industry
9866,industry
9867,industry
9868,industry
9869,academia
9870,industry
9871,industry
9872,industry
9873,industry
9874,industry
9875,academia
9876,industry
9877,industry
9878,academia
9879,industry
9880,industry
9881,industry
9882,industry
9883,industry
9884,industry
9885,industry
9886,industry
9887,industry
9888,academia
9889,academia
9890,academia
9891,industry
9892,industry
9893,industry
9894,industry
9895,industry
9896,industry
9897,industry
9898,industry
9899,industry
9900,industry
9901,industry
9902,industry
9903,industry
9904,industry
9905,academia
9906,industry
9907,industry
9908,industry
9909,industry
9910,industry
9911,industry
9912,industry
9913,industry
9914,industry
9915,industry
9916,industry
9917,industry
9918,industry
9919,academia
9920,industry
9921,industry
9922,industry
9923,industry
9924,industry
9925,industry
9926,industry
9927,industry
9928,industry
9929,industry
9930,industry
9931,industry
9932,academia
9933,academia
9934,academia
9935,industry
9936,government
9937,industry
9938,academia
9939,industry
9940,industry
9941,academia
9942,industry
9943,academia
9944,industry
9945,industry
9946,industry
9947,industry
9948,academia
9949,industry
9950,industry
9951,industry
9952,industry
9953,industry
9954,industry
9955,industry
9956,academia
9957,industry
9958,academia
9959,academia
9960,academia
9961,industry
9962,industry
9963,academia
9964,industry
9965,industry
9966,industry
9967,industry
9968,industry
9969,industry
9970,industry
9971,industry
9972,industry
9973,industry
9974,industry
9975,industry
9976,industry
9977,industry
9978,industry
9979,industry
9980,industry
9981,industry
9982,industry
9983,industry
9984,industry
9985,industry
9986,industry
9987,industry
9988,academia
9989,industry
9990,industry
9991,industry
9992,industry
9993,industry
9994,industry
9995,academia
9996,industry
9997,industry
9998,industry
9999,industry
10000,industry
10001,industry
10002,industry
10003,industry
10004,industry
10005,industry
10006,industry
10007,industry
10008,industry
10009,industry
10010,industry
10011,industry
10012,industry
10013,industry
10014,industry
10015,industry
10016,industry
10017,industry
10018,industry
10019,industry
10020,industry
10021,industry
10022,government
10023,industry
10024,industry
10025,industry
10026,industry
10027,industry
10028,industry
10029,academia
10030,industry
10031,industry
10032,industry
10033,industry
10034,industry
10035,industry
10036,industry
10037,industry
10038,academia
10039,industry
10040,industry
10041,industry
10042,industry
10043,industry
10044,industry
10045,industry
10046,academia
10047,industry
10048,academia
10049,industry
10050,academia
10051,industry
10052,industry
10053,industry
10054,industry
10055,industry
10056,industry
10057,industry
10058,industry
10059,industry
10060,industry
10061,industry
10062,industry
10063,industry
10064,industry
10065,academia
10066,industry
10067,academia
10068,industry
10069,industry
10070,industry
10071,industry
10072,academia
10073,industry
10074,industry
10075,industry
10076,industry
10077,industry
10078,industry
10079,industry
10080,industry
10081,industry
10082,industry
10083,industry
10084,academia
10085,academia
10086,industry
10087,industry
10088,industry
10089,industry
10090,government
10091,industry
10092,industry
10093,industry
10094,industry
10095,academia
10096,industry
10097,industry
10098,industry
10099,industry
10100,industry
10101,industry
10102,academia
10103,industry
10104,industry
10105,industry
10106,industry
10107,industry
10108,industry
10109,industry
10110,industry
10111,industry
10112,academia
10113,academia
10114,industry
10115,industry
10116,industry
10117,academia
10118,industry
10119,industry
10120,industry
10121,industry
10122,industry
10123,industry
10124,industry
10125,industry
10126,industry
10127,industry
10128,industry
10129,industry
10130,industry
10131,industry
10132,industry
10133,industry
10134,government
10135,industry
10136,industry
10137,industry
10138,industry
10139,industry
10140,industry
10141,industry
10142,industry
10143,industry
10144,industry
10145,industry
10146,industry
10147,industry
10148,industry
10149,industry
10150,industry
10151,industry
10152,industry
10153,industry
10154,industry
10155,industry
10156,industry
10157,industry
10158,industry
10159,industry
10160,industry
10161,industry
10162,industry
10163,industry
10164,industry
10165,industry
10166,industry
10167,industry
10168,industry
10169,industry
10170,industry
10171,industry
10172,industry
10173,industry
10174,industry
10175,industry
10176,industry
10177,industry
10178,industry
10179,industry
10180,industry
10181,industry
10182,industry
10183,industry
10184,government
10185,industry
10186,industry
10187,industry
10188,industry
10189,industry
10190,industry
10191,industry
10192,industry
10193,industry
10194,industry
10195,industry
10196,industry
10197,industry
10198,industry
10199,industry
10200,industry
10201,industry
10202,industry
10203,industry
10204,industry
10205,industry
10206,industry
10207,industry
10208,industry
10209,industry
10210,industry
10211,government
10212,academia
10213,academia
10214,industry
10215,industry
10216,industry
10217,industry
10218,industry
10219,industry
10220,industry
10221,industry
10222,industry
10223,industry
10224,industry
10225,industry
10226,industry
10227,industry
10228,industry
10229,industry
10230,industry
10231,industry
10232,industry
10233,academia
10234,industry
10235,government
10236,industry
10237,industry
10238,industry
10239,academia
10240,industry
10241,industry
10242,academia
10243,industry
10244,industry
10245,industry
10246,industry
10247,academia
10248,industry
10249,industry
10250,industry
10251,industry
10252,industry
10253,industry
10254,industry
10255,industry
10256,industry
10257,industry
10258,industry
10259,academia
10260,industry
10261,industry
10262,industry
10263,industry
10264,industry
10265,industry
10266,industry
10267,industry
10268,academia
10269,industry
10270,industry
10271,industry
10272,industry
10273,government
10274,industry
10275,industry
10276,industry
10277,industry
10278,industry
10279,industry
10280,government
10281,academia
10282,industry
10283,industry
10284,industry
10285,industry
10286,industry
10287,government
10288,industry
10289,industry
10290,industry
10291,industry
10292,academia
10293,industry
10294,industry
10295,academia
10296,academia
10297,academia
10298,industry
10299,industry
10300,industry
10301,industry
10302,industry
10303,industry
10304,industry
10305,industry
10306,industry
10307,industry
10308,industry
10309,industry
10310,industry
10311,industry
10312,industry
10313,industry
10314,industry
10315,industry
10316,industry
10317,industry
10318,industry
10319,industry
10320,industry
10321,industry
10322,industry
10323,academia
10324,industry
10325,industry
10326,industry
10327,industry
10328,industry
10329,industry
10330,industry
10331,academia
10332,industry
10333,industry
10334,industry
10335,industry
10336,industry
10337,industry
10338,industry
10339,industry
10340,academia
10341,industry
10342,industry
10343,industry
10344,industry
10345,industry
10346,industry
10347,industry
10348,industry
10349,industry
10350,industry
10351,industry
10352,industry
10353,industry
10354,industry
10355,academia
10356,academia
10357,industry
10358,industry
10359,industry
10360,industry
10361,industry
10362,industry
10363,industry
10364,industry
10365,industry
10366,industry
10367,industry
10368,academia
10369,industry
10370,industry
10371,industry
10372,academia
10373,industry
10374,industry
10375,industry
10376,industry
10377,academia
10378,industry
10379,industry
10380,academia
10381,industry
10382,industry
10383,industry
10384,industry
10385,industry
10386,industry
10387,industry
10388,industry
10389,industry
10390,industry
10391,academia
10392,industry
10393,industry
10394,industry
10395,industry
10396,industry
10397,academia
10398,academia
10399,industry
10400,industry
10401,industry
10402,industry
10403,academia
10404,industry
10405,industry
10406,industry
10407,industry
10408,industry
10409,industry
10410,industry
10411,industry
10412,industry
10413,industry
10414,industry
10415,industry
10416,industry
10417,industry
10418,industry
10419,industry
10420,industry
10421,industry
10422,industry
10423,industry
10424,industry
10425,academia
10426,industry
10427,industry
10428,industry
10429,industry
10430,industry
10431,industry
10432,industry
10433,industry
10434,academia
10435,industry
10436,industry
10437,industry
10438,industry
10439,industry
10440,industry
10441,academia
10442,academia
10443,industry
10444,academia
10445,academia
10446,industry
10447,industry
10448,industry
10449,industry
10450,industry
10451,industry
10452,industry
10453,industry
10454,industry
10455,industry
10456,industry
10457,academia
10458,academia
10459,industry
10460,industry
10461,industry
10462,industry
10463,academia
10464,academia
10465,academia
10466,industry
10467,industry
10468,industry
10469,industry
10470,industry
10471,industry
10472,industry
10473,industry
10474,industry
10475,industry
10476,industry
10477,academia
10478,industry
10479,industry
10480,industry
10481,industry
10482,industry
10483,industry
10484,industry
10485,industry
10486,industry
10487,industry
10488,industry
10489,industry
10490,industry
10491,industry
10492,industry
10493,industry
10494,industry
10495,industry
10496,industry
10497,industry
10498,industry
10499,industry
10500,industry
10501,academia
10502,industry
10503,industry
10504,industry
10505,industry
10506,industry
10507,industry
10508,industry
10509,academia
10510,academia
10511,academia
10512,industry
10513,industry
10514,industry
10515,industry
10516,industry
10517,industry
10518,industry
10519,industry
10520,industry
10521,industry
10522,industry
10523,industry
10524,industry
10525,industry
10526,academia
10527,industry
10528,industry
10529,industry
10530,industry
10531,industry
10532,industry
10533,industry
10534,academia
10535,industry
10536,industry
10537,academia
10538,industry
10539,industry
10540,industry
10541,industry
10542,industry
10543,industry
10544,industry
10545,industry
10546,industry
10547,industry
10548,industry
10549,industry
10550,industry
10551,industry
10552,academia
10553,industry
10554,industry
10555,academia
10556,industry
10557,government
10558,industry
10559,industry
10560,industry
10561,industry
10562,industry
10563,academia
10564,industry
10565,industry
10566,industry
10567,academia
10568,academia
10569,industry
10570,industry
10571,industry
10572,industry
10573,industry
10574,academia
10575,academia
10576,industry
10577,industry
10578,industry
10579,industry
10580,industry
10581,industry
10582,industry
10583,industry
10584,industry
10585,academia
10586,industry
10587,industry
10588,industry
10589,industry
10590,industry
10591,industry
10592,industry
10593,government
10594,industry
10595,industry
10596,industry
10597,industry
10598,industry
10599,industry
10600,industry
10601,industry
10602,industry
10603,industry
10604,industry
10605,industry
10606,industry
10607,industry
10608,industry
10609,industry
10610,industry
10611,industry
10612,industry
10613,industry
10614,industry
10615,academia
10616,academia
10617,industry
10618,industry
10619,industry
10620,industry
10621,industry
10622,industry
10623,industry
10624,industry
10625,industry
10626,industry
10627,industry
10628,industry
10629,industry
10630,industry
10631,industry
10632,industry
10633,industry
10634,industry
10635,industry
10636,industry
10637,industry
10638,industry
10639,industry
10640,academia
10641,industry
10642,industry
10643,industry
10644,industry
10645,industry
10646,industry
10647,industry
10648,industry
10649,industry
10650,industry
10651,industry
10652,industry
10653,industry
10654,industry
10655,industry
10656,industry
10657,industry
10658,industry
10659,industry
10660,industry
10661,industry
10662,industry
10663,industry
10664,industry
10665,industry
10666,industry
10667,industry
10668,industry
10669,industry
10670,industry
10671,industry
10672,industry
10673,industry
10674,industry
10675,industry
10676,industry
10677,industry
10678,industry
10679,industry
10680,industry
10681,industry
10682,industry
10683,industry
10684,government
10685,industry
10686,industry
10687,industry
10688,industry
10689,industry
10690,academia
10691,government
10692,industry
10693,industry
10694,industry
10695,industry
10696,industry
10697,industry
10698,industry
10699,industry
10700,industry
10701,industry
10702,academia
10703,industry
10704,industry
10705,industry
10706,academia
10707,academia
10708,industry
10709,academia
10710,industry
10711,industry
10712,industry
10713,industry
10714,industry
10715,industry
10716,industry
10717,industry
10718,industry
10719,industry
10720,industry
10721,industry
10722,industry
10723,industry
10724,government
10725,industry
10726,industry
10727,industry
10728,industry
10729,academia
10730,industry
10731,industry
10732,industry
10733,industry
10734,industry
10735,industry
10736,industry
10737,industry
10738,industry
10739,industry
10740,industry
10741,industry
10742,industry
10743,industry
10744,industry
10745,industry
10746,industry
10747,industry
10748,industry
10749,industry
10750,academia
10751,academia
10752,industry
10753,industry
10754,industry
10755,industry
10756,industry
10757,industry
10758,industry
10759,industry
10760,academia
10761,industry
10762,industry
10763,academia
10764,industry
10765,industry
10766,industry
10767,industry
10768,industry
10769,industry
10770,academia
10771,industry
10772,industry
10773,academia
10774,industry
10775,academia
10776,government
10777,academia
10778,industry
10779,industry
10780,industry
10781,industry
10782,industry
10783,industry
10784,industry
10785,industry
10786,industry
10787,industry
10788,industry
10789,industry
10790,industry
10791,industry
10792,industry
10793,industry
10794,academia
10795,government
10796,academia
10797,academia
10798,government
10799,industry
10800,industry
10801,academia
10802,academia
10803,industry
10804,industry
10805,industry
10806,industry
10807,industry
10808,industry
10809,government
10810,academia
10811,industry
10812,industry
10813,academia
10814,academia
10815,industry
10816,industry
10817,industry
10818,industry
10819,industry
10820,industry
10821,industry
10822,industry
10823,industry
10824,industry
10825,industry
10826,industry
10827,industry
10828,industry
10829,industry
10830,industry
10831,industry
10832,industry
10833,industry
10834,industry
10835,industry
10836,industry
10837,industry
10838,industry
10839,academia
10840,industry
10841,industry
10842,industry
10843,industry
10844,industry
10845,industry
10846,industry
10847,industry
10848,industry
10849,academia
10850,industry
10851,industry
10852,industry
10853,industry
10854,industry
10855,industry
10856,academia
10857,industry
10858,industry
10859,industry
10860,industry
10861,industry
10862,industry
10863,industry
10864,industry
10865,industry
10866,industry
10867,industry
10868,industry
10869,industry
10870,industry
10871,industry
10872,industry
10873,industry
10874,academia
10875,industry
10876,government
10877,industry
10878,industry
10879,industry
10880,industry
10881,industry
10882,industry
10883,industry
10884,industry
10885,industry
10886,industry
10887,industry
10888,industry
10889,industry
10890,academia
10891,industry
10892,industry
10893,industry
10894,industry
10895,industry
10896,industry
10897,industry
10898,industry
10899,industry
10900,industry
10901,industry
10902,industry
10903,industry
10904,industry
10905,industry
10906,industry
10907,industry
10908,industry
10909,industry
10910,industry
10911,industry
10912,industry
10913,academia
10914,academia
10915,industry
10916,industry
10917,industry
10918,industry
10919,industry
10920,industry
10921,industry
10922,industry
10923,industry
10924,industry
10925,industry
10926,industry
10927,industry
10928,industry
10929,industry
10930,industry
10931,industry
10932,industry
10933,industry
10934,industry
10935,industry
10936,industry
10937,industry
10938,industry
10939,industry
10940,industry
10941,industry
10942,industry
10943,academia
10944,industry
10945,industry
10946,industry
10947,industry
10948,industry
10949,industry
10950,industry
10951,industry
10952,industry
10953,industry
10954,industry
10955,industry
10956,industry
10957,academia
10958,industry
10959,industry
10960,industry
10961,industry
10962,industry
10963,industry
10964,industry
10965,industry
10966,industry
10967,government
10968,industry
10969,academia
10970,industry
10971,industry
10972,industry
10973,industry
10974,industry
10975,industry
10976,industry
10977,industry
10978,industry
10979,industry
10980,industry
10981,industry
10982,academia
10983,industry
10984,industry
10985,industry
10986,industry
10987,industry
10988,industry
10989,industry
10990,industry
10991,industry
10992,industry
10993,industry
10994,industry
10995,industry
10996,industry
10997,industry
10998,industry
10999,industry
11000,industry
11001,industry
11002,industry
11003,industry
11004,industry
11005,academia
11006,academia
11007,academia
11008,industry
11009,academia
11010,industry
11011,industry
11012,academia
11013,industry
11014,academia
11015,industry
11016,academia
11017,academia
11018,industry
11019,industry
11020,industry
11021,industry
11022,industry
11023,industry
11024,industry
11025,industry
11026,industry
11027,industry
11028,industry
11029,industry
11030,industry
11031,industry
11032,industry
11033,industry
11034,industry
11035,industry
11036,industry
11037,industry
11038,industry
11039,academia
11040,academia
11041,industry
11042,industry
11043,industry
11044,industry
11045,industry
11046,industry
11047,industry
11048,industry
11049,industry
11050,industry
11051,industry
11052,industry
11053,industry
11054,industry
11055,industry
11056,industry
11057,industry
11058,industry
11059,academia
11060,industry
11061,industry
11062,industry
11063,industry
11064,industry
11065,industry
11066,industry
11067,industry
11068,government
11069,industry
11070,industry
11071,industry
11072,industry
11073,industry
11074,industry
11075,industry
11076,industry
11077,industry
11078,academia
11079,industry
11080,industry
11081,industry
11082,industry
11083,industry
11084,industry
11085,industry
11086,industry
11087,industry
11088,industry
11089,industry
11090,industry
11091,industry
11092,industry
11093,industry
11094,industry
11095,industry
11096,industry
11097,industry
11098,industry
11099,industry
11100,industry
11101,industry
11102,industry
11103,industry
11104,industry
11105,industry
11106,industry
11107,industry
11108,industry
11109,industry
11110,industry
11111,industry
11112,industry
11113,industry
11114,industry
11115,industry
11116,industry
11117,industry
11118,academia
11119,academia
11120,industry
11121,industry
11122,industry
11123,industry
11124,industry
11125,industry
11126,industry
11127,industry
11128,industry
11129,industry
11130,industry
11131,industry
11132,industry
11133,industry
11134,industry
11135,industry
11136,industry
11137,industry
11138,industry
11139,industry
11140,industry
11141,industry
11142,industry
11143,industry
11144,industry
11145,industry
11146,academia
11147,industry
11148,industry
11149,industry
11150,industry
11151,industry
11152,industry
11153,government
11154,industry
11155,industry
11156,industry
11157,industry
11158,industry
11159,industry
11160,industry
11161,industry
11162,industry
11163,industry
11164,academia
11165,government
11166,industry
11167,industry
11168,industry
11169,academia
11170,industry
11171,industry
11172,industry
11173,academia
11174,industry
11175,industry
11176,industry
11177,industry
11178,industry
11179,industry
11180,industry
11181,industry
11182,industry
11183,industry
11184,industry
11185,industry
11186,industry
11187,industry
11188,industry
11189,industry
11190,academia
11191,industry
11192,industry
11193,academia
11194,industry
11195,industry
11196,industry
11197,industry
11198,industry
11199,industry
11200,industry
11201,industry
11202,industry
11203,industry
11204,industry
11205,industry
11206,industry
11207,industry
11208,industry
11209,industry
11210,industry
11211,industry
11212,academia
11213,industry
11214,industry
11215,industry
11216,industry
11217,industry
11218,industry
11219,industry
11220,industry
11221,industry
11222,industry
11223,industry
11224,industry
11225,industry
11226,industry
11227,industry
11228,industry
11229,industry
11230,industry
11231,industry
11232,academia
11233,academia
11234,industry
11235,industry
11236,industry
11237,industry
11238,industry
11239,industry
11240,industry
11241,industry
11242,industry
11243,industry
11244,academia
11245,industry
11246,industry
11247,industry
11248,industry
11249,industry
11250,academia
11251,academia
11252,industry
11253,industry
11254,industry
11255,industry
11256,industry
11257,industry
11258,industry
11259,industry
11260,industry
11261,industry
11262,industry
11263,industry
11264,industry
11265,industry
11266,industry
11267,industry
11268,industry
11269,industry
11270,industry
11271,industry
11272,industry
11273,industry
11274,industry
11275,industry
11276,industry
11277,industry
11278,academia
11279,industry
11280,industry
11281,industry
11282,industry
11283,industry
11284,industry
11285,industry
11286,industry
11287,industry
11288,industry
11289,industry
11290,industry
11291,industry
11292,industry
11293,industry
11294,industry
11295,industry
11296,industry
11297,industry
11298,industry
11299,industry
11300,industry
11301,industry
11302,industry
11303,academia
11304,academia
11305,academia
11306,academia
11307,industry
11308,industry
11309,industry
11310,industry
11311,industry
11312,industry
11313,industry
11314,industry
11315,industry
11316,industry
11317,industry
11318,industry
11319,academia
11320,industry
11321,industry
11322,industry
11323,industry
11324,industry
11325,industry
11326,industry
11327,industry
11328,industry
11329,industry
11330,industry
11331,industry
11332,industry
11333,industry
11334,industry
11335,industry
11336,industry
11337,industry
11338,industry
11339,industry
11340,industry
11341,industry
11342,industry
11343,industry
11344,industry
11345,industry
11346,industry
11347,industry
11348,industry
11349,industry
11350,industry
11351,industry
11352,industry
11353,industry
11354,industry
11355,academia
11356,industry
11357,academia
11358,academia
11359,industry
11360,industry
11361,academia
11362,academia
11363,industry
11364,government
11365,government
11366,industry
11367,industry
11368,industry
11369,academia
11370,academia
11371,industry
11372,industry
11373,industry
11374,industry
11375,industry
11376,industry
11377,industry
11378,academia
11379,industry
11380,industry
11381,industry
11382,industry
11383,industry
11384,industry
11385,industry
11386,industry
11387,academia
11388,industry
11389,industry
11390,industry
11391,industry
11392,industry
11393,industry
11394,industry
11395,industry
11396,industry
11397,industry
11398,government
11399,industry
11400,industry
11401,industry
11402,industry
11403,industry
11404,industry
11405,industry
11406,industry
11407,industry
11408,industry
11409,industry
11410,industry
11411,industry
11412,industry
11413,industry
11414,industry
11415,industry
11416,industry
11417,industry
11418,industry
11419,industry
11420,government
11421,industry
11422,industry
11423,industry
11424,industry
11425,industry
11426,industry
11427,industry
11428,industry
11429,industry
11430,industry
11431,industry
11432,industry
11433,industry
11434,industry
11435,industry
11436,industry
11437,industry
11438,industry
11439,industry
11440,industry
11441,industry
11442,industry
11443,industry
11444,industry
11445,industry
11446,industry
11447,industry
11448,industry
11449,industry
11450,industry
11451,industry
11452,industry
11453,industry
11454,industry
11455,industry
11456,industry
11457,industry
11458,industry
11459,industry
11460,industry
11461,industry
11462,industry
11463,industry
11464,industry
11465,industry
11466,industry
11467,industry
11468,industry
11469,industry
11470,industry
11471,industry
11472,industry
11473,academia
11474,industry
11475,industry
11476,industry
11477,industry
11478,industry
11479,academia
11480,industry
11481,industry
11482,industry
11483,industry
11484,industry
11485,academia
11486,industry
11487,academia
11488,industry
11489,industry
11490,industry
11491,industry
11492,industry
11493,industry
11494,industry
11495,industry
11496,industry
11497,industry
11498,industry
11499,industry
11500,industry
11501,industry
11502,industry
11503,industry
11504,industry
11505,industry
11506,industry
11507,industry
11508,industry
11509,industry
11510,industry
11511,industry
11512,industry
11513,industry
11514,industry
11515,industry
11516,industry
11517,industry
11518,industry
11519,industry
11520,industry
11521,industry
11522,industry
11523,industry
11524,industry
11525,industry
11526,industry
11527,academia
11528,industry
11529,industry
11530,academia
11531,industry
11532,industry
11533,academia
11534,industry
11535,industry
11536,industry
11537,industry
11538,industry
11539,industry
11540,industry
11541,industry
11542,industry
11543,industry
11544,industry
11545,industry
11546,industry
11547,industry
11548,industry
11549,industry
11550,industry
11551,industry
11552,industry
11553,industry
11554,industry
11555,industry
11556,academia
11557,academia
11558,academia
11559,academia
11560,industry
11561,industry
11562,industry
11563,government
11564,government
11565,industry
11566,industry
11567,industry
11568,government
11569,industry
11570,industry
11571,industry
11572,industry
11573,government
11574,industry
11575,industry
11576,industry
11577,industry
11578,industry
11579,industry
11580,academia
11581,industry
11582,industry
11583,industry
11584,industry
11585,industry
11586,industry
11587,industry
11588,academia
11589,industry
11590,industry
11591,industry
11592,industry
11593,industry
11594,industry
11595,industry
11596,industry
11597,industry
11598,industry
11599,industry
11600,academia
11601,industry
11602,industry
11603,industry
11604,industry
11605,industry
11606,industry
11607,academia
11608,industry
11609,academia
11610,academia
11611,industry
11612,industry
11613,industry
11614,industry
11615,industry
11616,industry
11617,industry
11618,industry
11619,industry
11620,industry
11621,industry
11622,industry
11623,industry
11624,industry
11625,industry
11626,industry
11627,industry
11628,industry
11629,industry
11630,industry
11631,industry
11632,industry
11633,industry
11634,industry
11635,industry
11636,industry
11637,industry
11638,industry
11639,industry
11640,industry
11641,industry
11642,industry
11643,industry
11644,industry
11645,industry
11646,industry
11647,industry
11648,industry
11649,industry
11650,industry
11651,industry
11652,industry
11653,industry
11654,industry
11655,industry
11656,industry
11657,industry
11658,industry
11659,industry
11660,government
11661,industry
11662,government
11663,industry
11664,industry
11665,industry
11666,academia
11667,industry
11668,industry
11669,industry
11670,industry
11671,industry
11672,industry
11673,industry
11674,industry
11675,industry
11676,industry
11677,industry
11678,industry
11679,industry
11680,industry
11681,industry
11682,industry
11683,industry
11684,industry
11685,industry
11686,industry
11687,industry
11688,academia
11689,industry
11690,industry
11691,industry
11692,industry
11693,industry
11694,industry
11695,industry
11696,industry
11697,industry
11698,industry
11699,industry
11700,industry
11701,industry
11702,industry
11703,industry
11704,industry
11705,industry
11706,industry
11707,industry
11708,industry
11709,industry
11710,industry
11711,industry
11712,academia
11713,industry
11714,industry
11715,industry
11716,industry
11717,industry
11718,government
11719,academia
11720,industry
11721,industry
11722,industry
11723,industry
11724,industry
11725,industry
11726,industry
11727,industry
11728,industry
11729,industry
11730,industry
11731,industry
11732,industry
11733,industry
11734,industry
11735,industry
11736,industry
11737,industry
11738,industry
11739,industry
11740,industry
11741,industry
11742,industry
11743,industry
11744,academia
11745,industry
11746,industry
11747,academia
11748,industry
11749,industry
11750,industry
11751,industry
11752,industry
11753,industry
11754,industry
11755,industry
11756,industry
11757,industry
11758,industry
11759,industry
11760,industry
11761,industry
11762,industry
11763,industry
11764,industry
11765,industry
11766,industry
11767,industry
11768,industry
11769,industry
11770,industry
11771,academia
11772,academia
11773,academia
11774,industry
11775,industry
11776,industry
11777,industry
11778,industry
11779,industry
11780,industry
11781,industry
11782,industry
11783,industry
11784,industry
11785,industry
11786,industry
11787,industry
11788,industry
11789,industry
11790,industry
11791,industry
11792,government
11793,industry
11794,industry
11795,industry
11796,academia
11797,industry
11798,industry
11799,industry
11800,academia
11801,industry
11802,industry
11803,industry
11804,industry
11805,industry
11806,academia
11807,industry
11808,academia
11809,industry
11810,industry
11811,industry
11812,academia
11813,industry
11814,industry
11815,industry
11816,industry
11817,industry
11818,industry
11819,industry
11820,industry
11821,industry
11822,industry
11823,industry
11824,industry
11825,industry
11826,industry
11827,academia
11828,government
11829,industry
11830,industry
11831,industry
11832,industry
11833,industry
11834,industry
11835,industry
11836,industry
11837,academia
11838,industry
11839,industry
11840,industry
11841,industry
11842,industry
11843,industry
11844,academia
11845,academia
11846,industry
11847,industry
11848,industry
11849,industry
11850,industry
11851,academia
11852,industry
11853,industry
11854,industry
11855,industry
11856,industry
11857,industry
11858,industry
11859,industry
11860,industry
11861,industry
11862,industry
11863,industry
11864,industry
11865,industry
11866,industry
11867,industry
11868,industry
11869,industry
11870,industry
11871,industry
11872,government
11873,industry
11874,industry
11875,industry
11876,industry
11877,industry
11878,industry
11879,academia
11880,industry
11881,government
11882,industry
11883,industry
11884,industry
11885,industry
11886,industry
11887,industry
11888,academia
11889,industry
11890,industry
11891,industry
11892,industry
11893,industry
11894,industry
11895,industry
11896,industry
11897,industry
11898,industry
11899,industry
11900,industry
11901,industry
11902,industry
11903,industry
11904,industry
11905,industry
11906,industry
11907,industry
11908,industry
11909,industry
11910,government
11911,industry
11912,industry
11913,academia
11914,industry
11915,industry
11916,industry
11917,industry
11918,industry
11919,industry
11920,industry
11921,industry
11922,industry
11923,industry
11924,industry
11925,industry
11926,industry
11927,industry
11928,industry
11929,industry
11930,industry
11931,industry
11932,industry
11933,industry
11934,industry
11935,industry
11936,industry
11937,academia
11938,industry
11939,industry
11940,industry
11941,industry
11942,industry
11943,industry
11944,industry
11945,industry
11946,industry
11947,industry
11948,industry
11949,industry
11950,academia
11951,industry
11952,academia
11953,industry
11954,industry
11955,industry
11956,industry
11957,industry
11958,industry
11959,industry
11960,industry
11961,academia
11962,academia
11963,industry
11964,industry
11965,industry
11966,industry
11967,industry
11968,industry
11969,industry
11970,industry
11971,academia
11972,industry
11973,industry
11974,industry
11975,academia
11976,industry
11977,industry
11978,industry
11979,industry
11980,industry
11981,industry
11982,industry
11983,industry
11984,government
11985,industry
11986,industry
11987,industry
11988,industry
11989,industry
11990,industry
11991,industry
11992,industry
11993,industry
11994,industry
11995,industry
11996,industry
11997,industry
11998,industry
11999,industry
12000,industry
12001,industry
12002,industry
12003,industry
12004,industry
12005,industry
12006,industry
12007,industry
12008,industry
12009,industry
12010,industry
12011,industry
12012,industry
12013,industry
12014,industry
12015,industry
12016,industry
12017,industry
12018,industry
12019,industry
12020,academia
12021,academia
12022,academia
12023,industry
12024,industry
12025,industry
12026,industry
12027,industry
12028,government
12029,industry
12030,industry
12031,industry
12032,industry
12033,industry
12034,industry
12035,industry
12036,industry
12037,industry
12038,industry
12039,industry
12040,industry
12041,industry
12042,industry
12043,industry
12044,industry
12045,industry
12046,industry
12047,industry
12048,industry
12049,industry
12050,industry
12051,industry
12052,industry
12053,industry
12054,industry
12055,industry
12056,industry
12057,industry
12058,industry
12059,industry
12060,industry
12061,industry
12062,industry
12063,industry
12064,academia
12065,industry
12066,industry
12067,industry
12068,industry
12069,industry
12070,industry
12071,industry
12072,industry
12073,industry
12074,industry
12075,industry
12076,industry
12077,industry
12078,industry
12079,industry
12080,industry
12081,industry
12082,industry
12083,industry
12084,industry
12085,industry
12086,industry
12087,academia
12088,academia
12089,industry
12090,academia
12091,academia
12092,government
12093,academia
12094,industry
12095,industry
12096,industry
12097,industry
12098,industry
12099,industry
12100,industry
12101,industry
12102,industry
12103,industry
12104,industry
12105,industry
12106,industry
12107,academia
12108,government
12109,academia
12110,industry
12111,industry
12112,industry
12113,industry
12114,industry
12115,industry
12116,industry
12117,industry
12118,industry
12119,government
12120,industry
12121,industry
12122,industry
12123,industry
12124,industry
12125,industry
12126,industry
12127,industry
12128,industry
12129,industry
12130,industry
12131,industry
12132,industry
12133,industry
12134,industry
12135,government
12136,academia
12137,industry
12138,industry
12139,industry
12140,industry
12141,industry
12142,industry
12143,industry
12144,industry
12145,industry
12146,industry
12147,industry
12148,industry
12149,industry
12150,industry
12151,academia
12152,industry
12153,industry
12154,industry
12155,industry
12156,industry
12157,industry
12158,industry
12159,industry
12160,industry
12161,industry
12162,industry
12163,industry
12164,industry
12165,industry
12166,industry
12167,industry
12168,industry
12169,industry
12170,industry
12171,industry
12172,industry
12173,government
12174,industry
12175,industry
12176,industry
12177,industry
12178,industry
12179,industry
12180,academia
12181,academia
12182,industry
12183,industry
12184,industry
12185,industry
12186,industry
12187,industry
12188,industry
12189,industry
12190,industry
12191,industry
12192,industry
12193,industry
12194,industry
12195,industry
12196,industry
12197,industry
12198,industry
12199,industry
12200,industry
12201,industry
12202,industry
12203,academia
12204,industry
12205,industry
12206,government
12207,industry
12208,government
12209,industry
12210,industry
12211,industry
12212,industry
12213,industry
12214,industry
12215,industry
12216,industry
12217,industry
12218,industry
12219,industry
12220,industry
12221,industry
12222,industry
12223,academia
12224,industry
12225,industry
12226,industry
12227,academia
12228,industry
12229,industry
12230,industry
12231,industry
12232,industry
12233,industry
12234,industry
12235,industry
12236,industry
12237,industry
12238,industry
12239,industry
12240,industry
12241,industry
12242,academia
12243,academia
12244,industry
12245,industry
12246,industry
12247,industry
12248,industry
12249,industry
12250,industry
12251,industry
12252,industry
12253,industry
12254,industry
12255,industry
12256,industry
12257,academia
12258,industry
12259,industry
12260,industry
12261,industry
12262,industry
12263,industry
12264,industry
12265,industry
12266,academia
12267,industry
12268,industry
12269,industry
12270,industry
12271,industry
12272,industry
12273,industry
12274,industry
12275,industry
12276,industry
12277,industry
12278,industry
12279,industry
12280,industry
12281,industry
12282,industry
12283,industry
12284,industry
12285,industry
12286,industry
12287,industry
12288,industry
12289,industry
12290,industry
12291,industry
12292,industry
12293,industry
12294,industry
12295,academia
12296,industry
12297,industry
12298,industry
12299,industry
12300,industry
12301,academia
12302,academia
12303,industry
12304,industry
12305,industry
12306,industry
12307,industry
12308,industry
12309,industry
12310,industry
12311,industry
12312,industry
12313,industry
12314,industry
12315,industry
12316,academia
12317,industry
12318,industry
12319,industry
12320,industry
12321,industry
12322,industry
12323,industry
12324,industry
12325,government
12326,industry
12327,academia
12328,industry
12329,industry
12330,industry
12331,industry
12332,industry
12333,industry
12334,industry
12335,industry
12336,industry
12337,industry
12338,government
12339,government
12340,industry
12341,academia
12342,academia
12343,industry
12344,industry
12345,industry
12346,industry
12347,industry
12348,industry
12349,academia
12350,academia
12351,government
12352,industry
12353,industry
12354,industry
12355,industry
12356,industry
12357,industry
12358,academia
12359,industry
12360,industry
12361,industry
12362,industry
12363,industry
12364,industry
12365,industry
12366,industry
12367,industry
12368,industry
12369,industry
12370,industry
12371,industry
12372,industry
12373,industry
12374,industry
12375,industry
12376,industry
12377,industry
12378,academia
12379,academia
12380,industry
12381,industry
12382,industry
12383,industry
12384,academia
12385,academia
12386,academia
12387,academia
12388,industry
12389,industry
12390,industry
12391,industry
12392,industry
12393,industry
12394,industry
12395,industry
12396,industry
12397,industry
12398,industry
12399,industry
12400,industry
12401,industry
12402,industry
12403,industry
12404,industry
12405,industry
12406,industry
12407,industry
12408,industry
12409,government
12410,industry
12411,industry
12412,industry
12413,industry
12414,industry
12415,industry
12416,industry
12417,industry
12418,industry
12419,industry
12420,industry
12421,industry
12422,industry
12423,academia
12424,industry
12425,industry
12426,industry
12427,industry
12428,industry
12429,industry
12430,industry
12431,academia
12432,industry
12433,academia
12434,industry
12435,industry
12436,government
12437,industry
12438,industry
12439,industry
12440,academia
12441,academia
12442,industry
12443,industry
12444,academia
12445,industry
12446,industry
12447,industry
12448,industry
12449,industry
12450,industry
12451,industry
12452,academia
12453,industry
12454,industry
12455,industry
12456,industry
12457,industry
12458,industry
12459,industry
12460,industry
12461,industry
12462,industry
12463,industry
12464,industry
12465,industry
12466,industry
12467,academia
12468,industry
12469,industry
12470,industry
12471,industry
12472,industry
12473,industry
12474,industry
12475,industry
12476,industry
12477,industry
12478,industry
12479,industry
12480,industry
12481,industry
12482,industry
12483,industry
12484,industry
12485,industry
12486,academia
12487,industry
12488,industry
12489,industry
12490,industry
12491,industry
12492,academia
12493,academia
12494,industry
12495,industry
12496,industry
12497,industry
12498,industry
12499,industry
12500,industry
12501,academia
12502,academia
12503,industry
12504,industry
12505,industry
12506,industry
12507,industry
12508,industry
12509,industry
12510,industry
12511,academia
12512,academia
12513,industry
12514,industry
12515,industry
12516,industry
12517,academia
12518,industry
12519,academia
12520,academia
12521,industry
12522,industry
12523,industry
12524,industry
12525,industry
12526,industry
12527,industry
12528,industry
12529,industry
12530,industry
12531,industry
12532,industry
12533,academia
12534,government
12535,academia
12536,industry
12537,industry
12538,industry
12539,industry
12540,industry
12541,academia
12542,industry
12543,industry
12544,industry
12545,academia
12546,industry
12547,industry
12548,industry
12549,industry
12550,industry
12551,industry
12552,industry
12553,industry
12554,industry
12555,academia
12556,industry
12557,industry
12558,industry
12559,industry
12560,government
12561,academia
12562,industry
12563,industry
12564,industry
12565,industry
12566,industry
12567,industry
12568,industry
12569,industry
12570,industry
12571,academia
12572,industry
12573,industry
12574,industry
12575,industry
12576,industry
12577,industry
12578,industry
12579,industry
12580,industry
12581,industry
12582,industry
12583,academia
12584,industry
12585,academia
12586,industry
12587,academia
12588,industry
12589,industry
12590,industry
12591,industry
12592,industry
12593,industry
12594,academia
12595,industry
12596,industry
12597,industry
12598,academia
12599,industry
12600,industry
12601,industry
12602,industry
12603,industry
12604,industry
12605,industry
12606,academia
12607,academia
12608,industry
12609,industry
12610,industry
12611,industry
12612,industry
12613,industry
12614,government
12615,industry
12616,industry
12617,academia
12618,government
12619,industry
12620,industry
12621,industry
12622,industry
12623,industry
12624,industry
12625,industry
12626,industry
12627,academia
12628,academia
12629,industry
12630,industry
12631,industry
12632,industry
12633,academia
12634,academia
12635,industry
12636,industry
12637,industry
12638,industry
12639,industry
12640,industry
12641,industry
12642,academia
12643,government
12644,industry
12645,industry
12646,industry
12647,industry
12648,industry
12649,industry
12650,industry
12651,industry
12652,industry
12653,industry
12654,academia
12655,industry
12656,government
12657,industry
12658,industry
12659,industry
12660,industry
12661,industry
12662,industry
12663,industry
12664,industry
12665,industry
12666,industry
12667,academia
12668,industry
12669,academia
12670,industry
12671,industry
12672,industry
12673,industry
12674,academia
12675,industry
12676,industry
12677,industry
12678,industry
12679,industry
12680,academia
12681,industry
12682,industry
12683,industry
12684,industry
12685,industry
12686,industry
12687,industry
12688,industry
12689,industry
12690,industry
12691,industry
12692,industry
12693,industry
12694,academia
12695,industry
12696,industry
12697,industry
12698,industry
12699,industry
12700,industry
12701,industry
12702,industry
12703,industry
12704,industry
12705,industry
12706,industry
12707,industry
12708,industry
12709,academia
12710,industry
12711,government
12712,industry
12713,academia
12714,industry
12715,industry
12716,industry
12717,industry
12718,industry
12719,industry
12720,industry
12721,industry
12722,industry
12723,industry
12724,industry
12725,academia
12726,industry
12727,industry
12728,industry
12729,industry
12730,industry
12731,industry
12732,government
12733,industry
12734,industry
12735,academia
12736,academia
12737,industry
12738,academia
12739,industry
12740,industry
12741,industry
12742,industry
12743,industry
12744,industry
12745,industry
12746,industry
12747,academia
12748,industry
12749,academia
12750,industry
12751,government
12752,industry
12753,industry
12754,industry
12755,academia
12756,industry
12757,industry
12758,industry
12759,academia
12760,industry
12761,industry
12762,industry
12763,industry
12764,industry
12765,industry
12766,industry
12767,industry
12768,industry
12769,industry
12770,industry
12771,industry
12772,industry
12773,industry
12774,industry
12775,industry
12776,industry
12777,industry
12778,industry
12779,industry
12780,industry
12781,academia
12782,academia
12783,industry
12784,academia
12785,industry
12786,industry
12787,industry
12788,industry
12789,industry
12790,industry
12791,industry
12792,industry
12793,industry
12794,industry
12795,industry
12796,industry
12797,industry
12798,industry
12799,industry
12800,industry
12801,industry
12802,industry
12803,industry
12804,industry
12805,industry
12806,academia
12807,industry
12808,industry
12809,industry
12810,academia
12811,industry
12812,industry
12813,academia
12814,industry
12815,industry
12816,industry
12817,industry
12818,industry
12819,academia
12820,academia
12821,industry
12822,industry
12823,academia
12824,industry
12825,industry
12826,industry
12827,industry
12828,industry
12829,industry
12830,industry
12831,industry
12832,industry
12833,industry
12834,industry
12835,industry
12836,industry
12837,industry
12838,industry
12839,industry
12840,industry
12841,industry
12842,industry
12843,industry
12844,industry
12845,industry
12846,industry
12847,industry
12848,industry
12849,industry
12850,industry
12851,industry
12852,industry
12853,academia
12854,academia
12855,industry
12856,industry
12857,industry
12858,academia
12859,industry
12860,industry
